/* ---------------------------------------------------- */
/*  Generated by Enterprise Architect Version 15.0 		*/
/*  Created On : 06-Jul-2022 5:07:49 PM 				*/
/*  DBMS       : Oracle 						*/
/* ---------------------------------------------------- */

/* Drop Tables */

begin
	EXECUTE IMMEDIATE 'DROP TABLE   "CT_DANGKY_GOITIEM" CASCADE CONSTRAINTS';
	EXCEPTION WHEN OTHERS THEN NULL;
end;
/

begin
	EXECUTE IMMEDIATE 'DROP TABLE   "CT_DANGKY_GOITIEMLE" CASCADE CONSTRAINTS';
	EXCEPTION WHEN OTHERS THEN NULL;
end;
/

begin
	EXECUTE IMMEDIATE 'DROP TABLE   "CT_DATHANG" CASCADE CONSTRAINTS';
	EXCEPTION WHEN OTHERS THEN NULL;
end;
/

begin
	EXECUTE IMMEDIATE 'DROP TABLE   "CT_GOITIEM" CASCADE CONSTRAINTS';
	EXCEPTION WHEN OTHERS THEN NULL;
end;
/

begin
	EXECUTE IMMEDIATE 'DROP TABLE   "CT_HOADON" CASCADE CONSTRAINTS';
	EXCEPTION WHEN OTHERS THEN NULL;
end;
/

begin
	EXECUTE IMMEDIATE 'DROP TABLE   "CT_HOSO" CASCADE CONSTRAINTS';
	EXCEPTION WHEN OTHERS THEN NULL;
end;
/

begin
	EXECUTE IMMEDIATE 'DROP TABLE   "CT_PHIEUDATMUA" CASCADE CONSTRAINTS';
	EXCEPTION WHEN OTHERS THEN NULL;
end;
/

begin
	EXECUTE IMMEDIATE 'DROP TABLE   "GOITIEM" CASCADE CONSTRAINTS';
	EXCEPTION WHEN OTHERS THEN NULL;
end;
/

begin
	EXECUTE IMMEDIATE 'DROP TABLE   "HOADON" CASCADE CONSTRAINTS';
	EXCEPTION WHEN OTHERS THEN NULL;
end;
/

begin
	EXECUTE IMMEDIATE 'DROP TABLE   "HOSOTIEMCHUNG" CASCADE CONSTRAINTS';
	EXCEPTION WHEN OTHERS THEN NULL;
end;
/

begin
	EXECUTE IMMEDIATE 'DROP TABLE   "KHACHHANG" CASCADE CONSTRAINTS';
	EXCEPTION WHEN OTHERS THEN NULL;
end;
/

begin
	EXECUTE IMMEDIATE 'DROP TABLE   "LICHLAMVIEC" CASCADE CONSTRAINTS';
	EXCEPTION WHEN OTHERS THEN NULL;
end;
/

begin
	EXECUTE IMMEDIATE 'DROP TABLE   "LICHLAMVIEC_NV" CASCADE CONSTRAINTS';
	EXCEPTION WHEN OTHERS THEN NULL;
end;
/

begin
	EXECUTE IMMEDIATE 'DROP TABLE   "LOAINHANVIEN" CASCADE CONSTRAINTS';
	EXCEPTION WHEN OTHERS THEN NULL;
end;
/

begin
	EXECUTE IMMEDIATE 'DROP TABLE   "NHANVIEN" CASCADE CONSTRAINTS';
	EXCEPTION WHEN OTHERS THEN NULL;
end;
/

begin
	EXECUTE IMMEDIATE 'DROP TABLE   "PHIEUDANGKYTIEM" CASCADE CONSTRAINTS';
	EXCEPTION WHEN OTHERS THEN NULL;
end;
/

begin
	EXECUTE IMMEDIATE 'DROP TABLE   "PHIEUDATHANG" CASCADE CONSTRAINTS';
	EXCEPTION WHEN OTHERS THEN NULL;
end;
/

begin
	EXECUTE IMMEDIATE 'DROP TABLE   "PHIEUDATMUA" CASCADE CONSTRAINTS';
	EXCEPTION WHEN OTHERS THEN NULL;
end;
/

begin
	EXECUTE IMMEDIATE 'DROP TABLE   "THONGTIN_DK_LICHLAMVIEC" CASCADE CONSTRAINTS';
	EXCEPTION WHEN OTHERS THEN NULL;
end;
/

begin
	EXECUTE IMMEDIATE 'DROP TABLE   "TRUNGTAMTIEMCHUNG" CASCADE CONSTRAINTS';
	EXCEPTION WHEN OTHERS THEN NULL;
end;
/

begin
	EXECUTE IMMEDIATE 'DROP TABLE   "VACXIN" CASCADE CONSTRAINTS';
	EXCEPTION WHEN OTHERS THEN NULL;
end;
/

/* Create Tables */

CREATE TABLE  "CT_DANGKY_GOITIEM"
(
	"MADK" VARCHAR2(8) NOT NULL,
	"MAGT" VARCHAR2(8) NOT NULL,
	"NGAYTIEM" DATE NULL,
	"TRUNGTAMTIEM" VARCHAR2(8) NULL
)
;

CREATE TABLE  "CT_DANGKY_GOITIEMLE"
(
	"MADK" VARCHAR2(8) NOT NULL,
	"MAVC" VARCHAR2(8) NOT NULL,
	"NGAYTIEM" DATE NULL,
	"TRUNGTAMTIEM" VARCHAR2(8) NULL
)
;

CREATE TABLE  "CT_DATHANG"
(
	"MADH" VARCHAR2(8) NULL,
	"MAVC" VARCHAR2(8) NULL,
	"SOLUONG" NUMBER(8,2) NULL
)
;

CREATE TABLE  "CT_GOITIEM"
(
	"MAGT" VARCHAR2(8) NOT NULL,
	"MAVC" VARCHAR2(8) NOT NULL
)
;

CREATE TABLE  "CT_HOADON"
(
	"MAHD" VARCHAR2(8) NOT NULL,
	"MAVC" VARCHAR2(8) NOT NULL,
	"SOLUONG" NUMBER(8,2) NULL,
	"THANHTIEN" NUMBER(8,2) NULL
)
;

CREATE TABLE  "CT_HOSO"
(
	"MAHS" VARCHAR2(8) NOT NULL,
	"MAVC" VARCHAR2(8) NOT NULL,
	"CHIDINHTIEM" NVARCHAR2(50) NULL
)
;

CREATE TABLE  "CT_PHIEUDATMUA"
(
	"MAPD" VARCHAR2(8) NOT NULL,
	"MAVC" VARCHAR2(8) NOT NULL,
	"SOLUONG" NUMBER(8,2) NULL,
	"DONGIA" NUMBER(8,2) NULL,
	"THANHTIEN" NUMBER(8,2) NULL
)
;

CREATE TABLE  "GOITIEM"
(
	"MAGT" VARCHAR2(8) NOT NULL,
	"TENGT" NVARCHAR2(50) NULL,
	"SLVACXIN" NUMBER(8,2) NULL,
	"THANHTIEN" NUMBER(8,2) NULL,
	"SOLUONGTON" NUMBER(8,2) NULL
)
;

CREATE TABLE  "HOADON"
(
	"MAHD" VARCHAR2(8) NOT NULL,
	"SOLUONG" NUMBER(8,2) NULL,
	"TONGTIEN" NUMBER(8,2) NULL,
	"MAKH" VARCHAR2(8) NULL,
	"MADK" VARCHAR2(8) NULL,
	"LANTHANHTOAN" NUMBER(8,2) NULL,
	"PHUONGTHUCTHANHTOAN" NVARCHAR2(50) NULL,
	"HINHTHUCTHANHTOAN" NVARCHAR2(50) NULL
)
;

CREATE TABLE  "HOSOTIEMCHUNG"
(
	"MAHS" VARCHAR2(8) NOT NULL,
	"TENHS" NVARCHAR2(50) NULL,
	"NGAYLAP" DATE NULL,
	"MAKH" VARCHAR2(8) NULL,
	"MABS" VARCHAR2(8) NULL,
	"NHIETDO" NVARCHAR2(50) NULL,
	"HUYETAP" NVARCHAR2(50) NULL,
	"COTIENSUBENHNEN" NVARCHAR2(50) NULL
)
;

CREATE TABLE  "KHACHHANG"
(
	"MAKH" VARCHAR2(8) NOT NULL,
	"TENKH" NVARCHAR2(50) NULL,
	"SODT" VARCHAR2(10) NULL,
	"GIOITINH" NVARCHAR2(5) NULL,
	"DIACHI" NVARCHAR2(50) NULL,
	"TENNGUOITHAN" NVARCHAR2(50) NULL,
	"MOIQUANHE" NVARCHAR2(50) NULL,
	"SODTNGUOITHAN" VARCHAR2(10) NULL
)
;

CREATE TABLE  "LICHLAMVIEC"
(
	"MALICH" VARCHAR2(8) NOT NULL,
	"NGAYAPDUNG" DATE NULL,
	"NGAYKETTHUC" DATE NULL,
	"TRANGTHAI" NVARCHAR2(50) NULL
)
;

CREATE TABLE  "LICHLAMVIEC_NV"
(
	"MALICH" VARCHAR2(8) NOT NULL,
	"MANV" VARCHAR2(8) NOT NULL,
	"NGAY" DATE NOT NULL,
	"CA" NVARCHAR2(50) NOT NULL,
	"NVQUYETDINH" VARCHAR2(8) NULL
)
;

CREATE TABLE  "LOAINHANVIEN"
(
	"MALOAI" VARCHAR2(8) NOT NULL,
	"TENLOAINV" VARCHAR2(50) NULL
)
;

CREATE TABLE  "NHANVIEN"
(
	"MANV" VARCHAR2(8) NOT NULL,
	"TENNV" NVARCHAR2(50) NULL,
	"BANGCAP" NVARCHAR2(50) NULL,
	"DIACHI" NVARCHAR2(50) NULL,
	"DIENTHOAI" VARCHAR2(10) NULL,
	"EMAIL" VARCHAR2(50) NULL,
	"LUONG" NUMBER(8,2) NULL,
	"VITRI" VARCHAR2(8) NULL,
	"MATT" VARCHAR2(8) NULL
)
;

CREATE TABLE  "PHIEUDANGKYTIEM"
(
	"MADK" VARCHAR2(8) NOT NULL,
	"NGAYLAP" DATE NULL,
	"MAKH" VARCHAR2(8) NULL,
	"TINHTRANGTHANHTOAN" NVARCHAR2(50) NULL,
	"TONGTIEN" NUMBER(8,2) NULL,
	"LOAITIEM" NVARCHAR2(50) NULL
)
;

CREATE TABLE  "PHIEUDATHANG"
(
	"MADH" VARCHAR2(8) NOT NULL,
	"NGAYDAT" DATE NULL,
	"NVDATHANG" VARCHAR2(8) NULL,
	"TRANGTHAI" NVARCHAR2(50) NULL
)
;

CREATE TABLE  "PHIEUDATMUA"
(
	"MAPD" VARCHAR2(8) NOT NULL,
	"NGAYDAT" DATE NULL,
	"MAKH" VARCHAR2(8) NULL,
	"TINHTRANG" NVARCHAR2(50) NULL,
	"TONGTIEN" NUMBER(8,2) NULL
)
;

CREATE TABLE  "THONGTIN_DK_LICHLAMVIEC"
(
	"MALICH" VARCHAR2(8) NOT NULL,
	"MANV" VARCHAR2(8) NOT NULL,
	"NGAY" DATE NOT NULL,
	"CA" NVARCHAR2(50) NOT NULL,
	"NGAYTAO" DATE NULL
)
;

CREATE TABLE  "TRUNGTAMTIEMCHUNG"
(
	"MATT" VARCHAR2(8) NOT NULL,
	"TENTT" NVARCHAR2(50) NULL,
	"DIACHI" NVARCHAR2(50) NULL,
	"SODT" VARCHAR2(10) NULL
)
;

CREATE TABLE  "VACXIN"
(
	"MAVC" VARCHAR2(8) NOT NULL,
	"TENVC" NVARCHAR2(50) NULL,
	"PHONGBENH" NVARCHAR2(50) NULL,
	"DONGIA" NUMBER(8,2) NULL,
	"SOLUONGTON" NUMBER(8,2) NULL,
	"NCC" NVARCHAR2(50) NULL
)
;

/* Create Primary Keys, Indexes, Uniques, Checks, Triggers */

ALTER TABLE  "CT_DANGKY_GOITIEM" 
 ADD CONSTRAINT "PK_CT_DANGKY_GOITIEM"
	PRIMARY KEY ("MADK","MAGT") 
 USING INDEX
;

CREATE INDEX "IXFK_CT_DANGKY_GO_PHIEUDA01"   
 ON  "CT_DANGKY_GOITIEM" ("MADK") 
;

CREATE INDEX "IXFK_CT_DANGKY_GO_TRUNGTA01"   
 ON  "CT_DANGKY_GOITIEM" ("TRUNGTAMTIEM") 
;

CREATE INDEX "IXFK_CT_DANGKY_GOITIEM_GOITIEM"   
 ON  "CT_DANGKY_GOITIEM" ("MAGT") 
;

ALTER TABLE  "CT_DANGKY_GOITIEMLE" 
 ADD CONSTRAINT "PK_CT_DANGKY_GOITIEMLE"
	PRIMARY KEY ("MADK","MAVC") 
 USING INDEX
;

CREATE INDEX "IXFK_CT_DANGKY_GO_PHIEUDA01"   
 ON  "CT_DANGKY_GOITIEMLE" ("MADK") 
;

CREATE INDEX "IXFK_CT_DANGKY_GOI_CÆ¡ sá»Ÿ 01"   
 ON  "CT_DANGKY_GOITIEMLE" ("TRUNGTAMTIEM") 
;

CREATE INDEX "IXFK_CT_DANGKY_GOITIEMLE_01"   
 ON  "CT_DANGKY_GOITIEMLE" ("MAVC") 
;

CREATE INDEX "IXFK_CT_DATHANG_PHIEUDATHANG"   
 ON  "CT_DATHANG" ("MADH") 
;

CREATE INDEX "IXFK_CT_DATHANG_VACXIN"   
 ON  "CT_DATHANG" ("MAVC") 
;

ALTER TABLE  "CT_GOITIEM" 
 ADD CONSTRAINT "PK_CT_GOITIEM"
	PRIMARY KEY ("MAGT","MAVC") 
 USING INDEX
;

CREATE INDEX "IXFK_CT_GOITIEM_GOITIEM"   
 ON  "CT_GOITIEM" ("MAGT") 
;

CREATE INDEX "IXFK_CT_GOITIEM_VACXIN"   
 ON  "CT_GOITIEM" ("MAVC") 
;

ALTER TABLE  "CT_HOADON" 
 ADD CONSTRAINT "PK_CT_HOADON"
	PRIMARY KEY ("MAHD","MAVC") 
 USING INDEX
;

CREATE INDEX "IXFK_CT_HOADON_HOADON"   
 ON  "CT_HOADON" ("MAHD") 
;

CREATE INDEX "IXFK_CT_HOADON_VACXIN"   
 ON  "CT_HOADON" ("MAVC") 
;

ALTER TABLE  "CT_HOSO" 
 ADD CONSTRAINT "PK_CHITIETHOSO"
	PRIMARY KEY ("MAHS","MAVC") 
 USING INDEX
;

CREATE INDEX "IXFK_CHITIETHOSO_HOSOTIEMCHUNG"   
 ON  "CT_HOSO" ("MAHS") 
;

CREATE INDEX "IXFK_CHITIETHOSO_VACXIN"   
 ON  "CT_HOSO" ("MAVC") 
;

ALTER TABLE  "CT_PHIEUDATMUA" 
 ADD CONSTRAINT "PK_CT_PHIEUDATMUA"
	PRIMARY KEY ("MAVC","MAPD") 
 USING INDEX
;

CREATE INDEX "IXFK_CT_PHIEUDATMUA_PHIEU01"   
 ON  "CT_PHIEUDATMUA" ("MAPD") 
;

CREATE INDEX "IXFK_CT_PHIEUDATMUA_PHIEU02"   
 ON  "CT_PHIEUDATMUA" ("MAPD") 
;

CREATE INDEX "IXFK_CT_PHIEUDATMUA_VACXIN"   
 ON  "CT_PHIEUDATMUA" ("MAVC") 
;

ALTER TABLE  "GOITIEM" 
 ADD CONSTRAINT "PK_GOITIEM"
	PRIMARY KEY ("MAGT") 
 USING INDEX
;

ALTER TABLE  "HOADON" 
 ADD CONSTRAINT "PK_HOADON"
	PRIMARY KEY ("MAHD") 
 USING INDEX
;

CREATE INDEX "IXFK_HOADON_KHACHHANG"   
 ON  "HOADON" ("MAKH") 
;

CREATE INDEX "IXFK_HOADON_PHIEUDANGKYTIEM"   
 ON  "HOADON" ("MADK") 
;

ALTER TABLE  "HOSOTIEMCHUNG" 
 ADD CONSTRAINT "PK_HOSOTIEMCHUNG"
	PRIMARY KEY ("MAHS") 
 USING INDEX
;

CREATE INDEX "IXFK_HOSOTIEMCHUNG_KHACHHANG"   
 ON  "HOSOTIEMCHUNG" ("MAKH") 
;

CREATE INDEX "IXFK_HOSOTIEMCHUNG_NHANVIEN"   
 ON  "HOSOTIEMCHUNG" ("MABS") 
;

ALTER TABLE  "KHACHHANG" 
 ADD CONSTRAINT "PK_KHACHHANG"
	PRIMARY KEY ("MAKH") 
 USING INDEX
;

ALTER TABLE  "LICHLAMVIEC" 
 ADD CONSTRAINT "PK_LICHLAMVIEC"
	PRIMARY KEY ("MALICH") 
 USING INDEX
;

ALTER TABLE  "LICHLAMVIEC_NV" 
 ADD CONSTRAINT "PK_CHITIET_LICHLAMVIEC"
	PRIMARY KEY ("MANV","NGAY","CA") 
 USING INDEX
;

CREATE INDEX "IXFK_CHITIET_LICH_LICHLAM01"   
 ON  "LICHLAMVIEC_NV" ("MALICH") 
;

CREATE INDEX "IXFK_CHITIET_LICHLAM_NHAN01"   
 ON  "LICHLAMVIEC_NV" ("MANV") 
;

CREATE INDEX "IXFK_LICHLAMVIEN_NV_NHANVIEN"   
 ON  "LICHLAMVIEC_NV" ("MANV") 
;

CREATE INDEX "IXFK_LICHLAMVIEN_NV_NHANVIEN02"   
 ON  "LICHLAMVIEC_NV" ("NVQUYETDINH") 
;

ALTER TABLE  "LOAINHANVIEN" 
 ADD CONSTRAINT "PK_LOAINHANVIEN"
	PRIMARY KEY ("MALOAI") 
 USING INDEX
;

ALTER TABLE  "NHANVIEN" 
 ADD CONSTRAINT "PK_NHANVIEN"
	PRIMARY KEY ("MANV") 
 USING INDEX
;

CREATE INDEX "IXFK_NHANVIEN_LOAINHANVIEN"   
 ON  "NHANVIEN" ("VITRI") 
;

CREATE INDEX "IXFK_NHANVIEN_TRUNGTAMTIE01"   
 ON  "NHANVIEN" ("MATT") 
;

ALTER TABLE  "PHIEUDANGKYTIEM" 
 ADD CONSTRAINT "PK_PHIEUDANGKYTIEM"
	PRIMARY KEY ("MADK") 
 USING INDEX
;

CREATE INDEX "IXFK_PHIEUDANGKYTIEM_KHACHHANG"   
 ON  "PHIEUDANGKYTIEM" ("MAKH") 
;

CREATE INDEX "IXFK_PHIEUDANGKYTIEM_NHANVIEN"   
 ON  "PHIEUDANGKYTIEM" () 
;

ALTER TABLE  "PHIEUDATHANG" 
 ADD CONSTRAINT "PK_VACXINCHODAT"
	PRIMARY KEY ("MADH") 
 USING INDEX
;

CREATE INDEX "IXFK_PHIEUDATHANG_NHANVIEN"   
 ON  "PHIEUDATHANG" ("NVDATHANG") 
;

CREATE INDEX "IXFK_VACXINCHODAT_VACXIN"   
 ON  "PHIEUDATHANG" ("MADH") 
;

ALTER TABLE  "PHIEUDATMUA" 
 ADD CONSTRAINT "PK_PHIEUDATMUA"
	PRIMARY KEY ("MAPD") 
 USING INDEX
;

CREATE INDEX "IXFK_PHIEUDATMUA_KHACHHANG"   
 ON  "PHIEUDATMUA" ("MAKH") 
;

CREATE INDEX "IXFK_PHIEUDATMUA_NHANVIEN"   
 ON  "PHIEUDATMUA" () 
;

ALTER TABLE  "THONGTIN_DK_LICHLAMVIEC" 
 ADD CONSTRAINT "PK_THONGTIN_DK_LICHLA_01"
	PRIMARY KEY ("MANV","NGAY","CA") 
 USING INDEX
;

CREATE INDEX "IXFK_THONGTIN_DK__LICHLAM01"   
 ON  "THONGTIN_DK_LICHLAMVIEC" ("MALICH") 
;

CREATE INDEX "IXFK_THONGTIN_DK__LICHLAM02"   
 ON  "THONGTIN_DK_LICHLAMVIEC" ("MALICH") 
;

CREATE INDEX "IXFK_THONGTIN_DK_LIC_NHAN01"   
 ON  "THONGTIN_DK_LICHLAMVIEC" ("MANV") 
;

ALTER TABLE  "TRUNGTAMTIEMCHUNG" 
 ADD CONSTRAINT "PK_TRUNGTAMTIEMCHUNG"
	PRIMARY KEY ("MATT") 
 USING INDEX
;

ALTER TABLE  "VACXIN" 
 ADD CONSTRAINT "PK_VACXIN"
	PRIMARY KEY ("MAVC") 
 USING INDEX
;

/* Create Foreign Key Constraints */

ALTER TABLE  "CT_DANGKY_GOITIEM" 
 ADD CONSTRAINT "FK_CT_DANGKY_GO_PHIEUDANGKY_02"
	FOREIGN KEY ("MADK") REFERENCES  "PHIEUDANGKYTIEM" ("MADK")
;

ALTER TABLE  "CT_DANGKY_GOITIEM" 
 ADD CONSTRAINT "FK_CT_DANGKY_GO_TRUNGTAMTIE_01"
	FOREIGN KEY ("TRUNGTAMTIEM") REFERENCES  "TRUNGTAMTIEMCHUNG" ("MATT")
;

ALTER TABLE  "CT_DANGKY_GOITIEM" 
 ADD CONSTRAINT "FK_CT_DANGKY_GOITIEM_GOITIEM"
	FOREIGN KEY ("MAGT") REFERENCES  "GOITIEM" ("MAGT")
;

ALTER TABLE  "CT_DANGKY_GOITIEMLE" 
 ADD CONSTRAINT "FK_CT_DANGKY_GO_PHIEUDANGKY_01"
	FOREIGN KEY ("MADK") REFERENCES  "PHIEUDANGKYTIEM" ("MADK")
;

ALTER TABLE  "CT_DANGKY_GOITIEMLE" 
 ADD CONSTRAINT "FK_CT_DANGKY_GOI_TRUNGTAMTIEMCHUNG"
	FOREIGN KEY ("TRUNGTAMTIEM") REFERENCES  "TRUNGTAMTIEMCHUNG" ("MATT")
;

ALTER TABLE  "CT_DANGKY_GOITIEMLE" 
 ADD CONSTRAINT "FK_CT_DANGKY_GOITIEMLE_VACXIN"
	FOREIGN KEY ("MAVC") REFERENCES  "VACXIN" ("MAVC")
;

ALTER TABLE  "CT_DATHANG" 
 ADD CONSTRAINT "FK_CT_DATHANG_PHIEUDATHANG"
	FOREIGN KEY ("MADH") REFERENCES  "PHIEUDATHANG" ("MADH")
;

ALTER TABLE  "CT_DATHANG" 
 ADD CONSTRAINT "FK_CT_DATHANG_VACXIN"
	FOREIGN KEY ("MAVC") REFERENCES  "VACXIN" ("MAVC")
;

ALTER TABLE  "CT_GOITIEM" 
 ADD CONSTRAINT "FK_CT_GOITIEM_GOITIEM"
	FOREIGN KEY ("MAGT") REFERENCES  "GOITIEM" ("MAGT")
;

ALTER TABLE  "CT_GOITIEM" 
 ADD CONSTRAINT "FK_CT_GOITIEM_VACXIN"
	FOREIGN KEY ("MAVC") REFERENCES  "VACXIN" ("MAVC")
;

ALTER TABLE  "CT_HOADON" 
 ADD CONSTRAINT "FK_CT_HOADON_HOADON"
	FOREIGN KEY ("MAHD") REFERENCES  "HOADON" ("MAHD")
;

ALTER TABLE  "CT_HOADON" 
 ADD CONSTRAINT "FK_CT_HOADON_VACXIN"
	FOREIGN KEY ("MAVC") REFERENCES  "VACXIN" ("MAVC")
;

ALTER TABLE  "CT_HOSO" 
 ADD CONSTRAINT "FK_CT_HOSO_HOSOTIEMCHUNG"
	FOREIGN KEY ("MAHS") REFERENCES  "HOSOTIEMCHUNG" ("MAHS")
;

ALTER TABLE  "CT_HOSO" 
 ADD CONSTRAINT "FK_CT_HOSO_VACXIN"
	FOREIGN KEY ("MAVC") REFERENCES  "VACXIN" ("MAVC")
;

ALTER TABLE  "CT_PHIEUDATMUA" 
 ADD CONSTRAINT "FK_CT_PHIEUDATMUA_PHIEUDATMU02"
	FOREIGN KEY ("MAPD") REFERENCES  "PHIEUDATMUA" ("MAPD")
;

ALTER TABLE  "CT_PHIEUDATMUA" 
 ADD CONSTRAINT "FK_CT_PHIEUDATMUA_VACXIN"
	FOREIGN KEY ("MAVC") REFERENCES  "VACXIN" ("MAVC")
;

ALTER TABLE  "HOADON" 
 ADD CONSTRAINT "FK_HOADON_KHACHHANG"
	FOREIGN KEY ("MAKH") REFERENCES  "KHACHHANG" ("MAKH")
;

ALTER TABLE  "HOADON" 
 ADD CONSTRAINT "FK_HOADON_PHIEUDANGKYTIEM"
	FOREIGN KEY ("MADK") REFERENCES  "PHIEUDANGKYTIEM" ("MADK")
;

ALTER TABLE  "HOSOTIEMCHUNG" 
 ADD CONSTRAINT "FK_HOSOTIEMCHUNG_KHACHHANG"
	FOREIGN KEY ("MAKH") REFERENCES  "KHACHHANG" ("MAKH")
;

ALTER TABLE  "HOSOTIEMCHUNG" 
 ADD CONSTRAINT "FK_HOSOTIEMCHUNG_NHANVIEN"
	FOREIGN KEY ("MABS") REFERENCES  "NHANVIEN" ("MANV")
;

ALTER TABLE  "LICHLAMVIEC_NV" 
 ADD CONSTRAINT "FK_LICHLAMVIEC_NV_LICHLAMVIEC"
	FOREIGN KEY ("MALICH") REFERENCES  "LICHLAMVIEC" ("MALICH")
;

ALTER TABLE  "LICHLAMVIEC_NV" 
 ADD CONSTRAINT "FK_LICHLAMVIEC_NV_NHANVIEN01"
	FOREIGN KEY ("MANV") REFERENCES  "NHANVIEN" ("MANV")
;

ALTER TABLE  "LICHLAMVIEC_NV" 
 ADD CONSTRAINT "FK_LICHLAMVIEN_NV_NHANVIEN02"
	FOREIGN KEY ("NVQUYETDINH") REFERENCES  "NHANVIEN" ("MANV")
;

ALTER TABLE  "NHANVIEN" 
 ADD CONSTRAINT "FK_NHANVIEN_LOAINHANVIEN"
	FOREIGN KEY ("VITRI") REFERENCES  "LOAINHANVIEN" ("MALOAI")
;

ALTER TABLE  "NHANVIEN" 
 ADD CONSTRAINT "FK_NHANVIEN_TRUNGTAMTIEMCHUNG"
	FOREIGN KEY ("MATT") REFERENCES  "TRUNGTAMTIEMCHUNG" ("MATT")
;

ALTER TABLE  "PHIEUDANGKYTIEM" 
 ADD CONSTRAINT "FK_PHIEUDANGKYTIEM_KHACHHANG"
	FOREIGN KEY ("MAKH") REFERENCES  "KHACHHANG" ("MAKH")
;

ALTER TABLE  "PHIEUDATHANG" 
 ADD CONSTRAINT "FK_PHIEUDATHANG_NHANVIEN"
	FOREIGN KEY ("NVDATHANG") REFERENCES  "NHANVIEN" ("MANV")
;

ALTER TABLE  "PHIEUDATMUA" 
 ADD CONSTRAINT "FK_PHIEUDATMUA_KHACHHANG"
	FOREIGN KEY ("MAKH") REFERENCES  "KHACHHANG" ("MAKH")
;

ALTER TABLE  "THONGTIN_DK_LICHLAMVIEC" 
 ADD CONSTRAINT "FK_THONTIN_DK_LICHLAMVIEC_LICHLAMVIEC"
	FOREIGN KEY ("MALICH") REFERENCES  "LICHLAMVIEC" ("MALICH")
;

ALTER TABLE  "THONGTIN_DK_LICHLAMVIEC" 
 ADD CONSTRAINT "FK_THONTIN_DK_LICHLAMVIEC_NHANVIEN"
	FOREIGN KEY ("MANV") REFERENCES  "NHANVIEN" ("MANV")
;

-- Loai Nhan Vien
insert into loainhanvien values('NVDH', 'Nhân viên ?i?u hành');
insert into loainhanvien values('BS', 'Y bác s?');
insert into loainhanvien values('TN', 'Nhân viên thu ngân');
insert into loainhanvien values('LT', 'Nhân viên l? tân');
insert into loainhanvien values('YT', 'Nhân viên y t?');

-- Trung Tam
insert into trungtamtiemchung values('TT1001', 'Trung tâm An Bình 1', '369 An Bình ?ông, Qu?n 3, HCM', '09123');
insert into trungtamtiemchung values('TT1002', 'Trung tâm An Bình 2', '680 Xuân H?ng, Bình Tân, HCM', '09124');
insert into trungtamtiemchung values('TT1003', 'Trung tâm An Bình 3', '814 An D??ng V??ng, Qu?n 1, HCM', '09125');

-- Y Bac Si
insert into nhanvien values('BS1001','Tran Van A', 'NH1, NH3', 'abc', '0914', 'abc@xyz', '200', 'BS','TT1001');
insert into nhanvien values('BS1002','Tran Van B', 'NH1, NH3', 'abc', '0915', 'abc@xyz', '300', 'BS','TT1001');
insert into nhanvien values('BS1003','Tran Van C', 'NH1, NH3', 'abc', '0916', 'abc@xyz', '400', 'BS','TT1002');
insert into nhanvien values('BS1004','Tran Van D', 'NH1, NH3', 'abc', '0917', 'abc@xyz', '500', 'BS','TT1002');
insert into nhanvien values('BS1005','Tran Van E', 'NH1, NH3', 'abc', '0918', 'abc@xyz', '600', 'BS','TT1003');
insert into nhanvien values('NV1001','Tran Van F', 'NH1, NH3', 'abc', '0918', 'abc@xyz', '600', 'TN','TT1003');
insert into nhanvien values('NV1002','Tran Van G', 'NH1, NH3', 'abc', '0918', 'abc@xyz', '600', 'LT','TT1003');
insert into nhanvien values('NV1003','Tran Van H', 'NH1, NH3', 'abc', '0918', 'abc@xyz', '600', 'YT','TT1003');

-- NV DIEU HANH
insert into nhanvien values('NVDH1001','Nguyan Minh An', 'NH1, NH3', 'abc', '0918', 'abc@xyz', '900', 'NVDH','TT1001');

-- Lich Lam Viec
insert into DBA_PTTK.lichlamviec 
values ('L1',to_date('9/6/2022', 'dd/mm/yyyy'),to_date('16/6/2022', 'dd/mm/yyyy'), 0);
-- DK lich lam viec
insert into DBA_PTTK.thongtin_dk_lichlamviec 
values('L1', 'BS1001', to_date('10/6/2022', 'dd/mm/yyyy'), 'Sáng', SYSDATE);
insert into DBA_PTTK.thongtin_dk_lichlamviec 
values('L1', 'BS1001', to_date('10/6/2022', 'dd/mm/yyyy'), 'Chiu', SYSDATE);
insert into DBA_PTTK.thongtin_dk_lichlamviec 
values('L1', 'BS1001', to_date('10/6/2022', 'dd/mm/yyyy'), 'Ti', SYSDATE);
insert into DBA_PTTK.thongtin_dk_lichlamviec 
values('L1', 'BS1001', to_date('11/6/2022', 'dd/mm/yyyy'), 'Sáng', SYSDATE);

insert into DBA_PTTK.lichlamviec_nv 
values('L1', 'BS1001', to_date('10/6/2022', 'dd/mm/yyyy'),'Sáng', 'NVDH01');

insert into DBA_PTTK.lichlamviec 
values('L2', to_date('17/6/2022', 'dd/mm/yyyy'), to_date('24/6/2022', 'dd/mm/yyyy'), 0);
--Khach hang
insert into KHACHHANG VALUES ('KH1001','NGUYEN VAN TRI','0926438','NAM','TP HCM',NULL,NULL,NULL);
--Vac xin
insert into vacxin values ('VC1001','ROTARIX','TIEU CHAY',125,50,'GSK');
insert into vacxin values ('VC1002','HEXAXIM','BACH HAU',100,50,'SANOFI');
insert into vacxin values ('VC1003','SYNFLORIX','VIEM PHOI',130,50,'GSK');
insert into vacxin values ('VC1004','MVVAC','SOI',150,50,'POLYVAC');
insert into vacxin values ('VC1005','VAXIGRIPTETRA','CUM',125,50,'SANOFI');
insert into vacxin values ('VC1006','VARIRLRIX','THUY DAU',110,50,'GSK');
insert into vacxin values ('VC1007','IMOJEV','VIEM NAO',100,50,'SANOFI');

--Goi tiem
INSERT INTO GOITIEM VALUES ('GT1001','GOI TIEM HEXAXIM',2,225,50);
INSERT INTO GOITIEM VALUES ('GT1002','GOI TIEM INFANRIX',3,360,50);
INSERT INTO GOITIEM VALUES ('GT1003','GOI TIEM PENTAXIM',3,355,50);
--Chi tiet goi tiem
INSERT INTO CT_GOITIEM VALUES ('GT1001','VC1001');
INSERT INTO CT_GOITIEM VALUES ('GT1001','VC1002');
INSERT INTO CT_GOITIEM VALUES ('GT1002','VC1002');
INSERT INTO CT_GOITIEM VALUES ('GT1002','VC1004');
INSERT INTO CT_GOITIEM VALUES ('GT1002','VC1006');
INSERT INTO CT_GOITIEM VALUES ('GT1003','VC1003');
INSERT INTO CT_GOITIEM VALUES ('GT1003','VC1005');
INSERT INTO CT_GOITIEM VALUES ('GT1003','VC1007');
--HOSOTIEMCHUNG
insert into DBA_PTTK.hosotiemchung(MAHS, TENHS, NGAYLAP, MAKH) values('HS733','BAUW6', TO_DATE('2022/11/3', 'yyyy/mm/dd'), 'KH1001');
insert into DBA_PTTK.hosotiemchung(MAHS, TENHS, NGAYLAP, MAKH) values('HS293','6BY3', TO_DATE('2022/10/3', 'yyyy/mm/dd'), 'KH1001');
insert into DBA_PTTK.hosotiemchung(MAHS, TENHS, NGAYLAP, MAKH) values('HS238','71BA', TO_DATE('2022/12/3', 'yyyy/mm/dd'), 'KH1001');

--CT_HS
insert into DBA_PTTK.ct_hoso(MAHS, MAVC) values('HS733', 'VC1001');
insert into DBA_PTTK.ct_hoso(MAHS, MAVC) values('HS293', 'VC1002');
--Phieu dat hang
insert into DBA_PTTK.PHIEUDATHANG values('PD1000', null, null, 'Ch? ??t');

COMMIT;